Bitcoin,"4,745.52",-11.95
Ethereum,107.67,-14.90
XRP,0.137391,-11.00
Tether,0.995710,-0.64
Bitcoin Cash,157.86,-9.58
Litecoin,31.10,-13.69
Bitcoin SV,105.44,-13.28
EOS,1.82,-11.02
Binance Coin,9.08,-14.24
Tezos,1.25,-22.50
UNUS SED LEO,0.855755,-8.25
Stellar,0.033840,-12.56
Huobi Token,2.76,-7.56
TRON,0.009041,-11.33
Cardano,0.023052,-15.06
USD Coin,0.992078,-0.92
Chainlink,1.70,-22.92
Monero,30.95,-18.81
Ethereum Classic,4.30,-14.38
Crypto.com Coin,0.029462,-10.59
Dash,41.24,-12.77
Neo,5.12,-15.27
HedgeTrade,1.22,-16.04
Cosmos,1.58,-17.43
NEM,0.031824,-7.68
IOTA,0.100742,-32.84
Paxos Standard,0.994807,-0.93
Zcash,22.33,-13.48
Ontology,0.297818,-16.22
FTX Token,1.99,-6.03
Dogecoin,0.001536,-10.54
Maker,191.96,-23.60
OKB,3.14,-13.63
Basic Attention Token,0.106645,-16.71
TrueUSD,0.995918,-0.57
Binance USD,0.994763,-0.83
VeChain,0.002108,-19.45
Hedera Hashgraph,0.033435,-22.69
Bitcoin Gold,5.72,-12.27
Qtum,1.02,-17.48
Decred,8.99,-21.57
Multi-collateral DAI,1.03,-2.37
Lisk,0.745909,-13.41
ZB Token,0.195029,-12.21
0x,0.137220,-14.97
ICON,0.160735,-16.91
Algorand,0.122801,-19.68
Waves,0.722712,-18.20
Augur,6.55,-15.97
Bitcoin Diamond,0.384444,-6.58
Kyber Network,0.378442,-23.46
MonaCoin,1.02,-7.03
KuCoin Shares,0.813055,-13.99
Ravencoin,0.011536,-19.63
DxChain Token,0.001262,-8.72
Synthetix Network Token,0.358844,-24.73
OmiseGO,0.419774,-16.53
THETA,0.054090,-17.43
ABBC Coin,0.082512,-16.05
Bytom,0.044815,-11.15
Nano,0.337044,-18.62
Holo,0.000271,-16.11
Nexo,0.077652,-20.69
Steem,0.114916,-17.30
Siacoin,0.000994,-17.45
MCO,2.52,-9.67
Nervos Network,0.002874,-11.89
DigixDAO,19.51,-15.15
Terra,0.134798,-8.37
BitTorrent,0.000181,-14.59
Enjin Coin,0.045967,-15.99
Horizen,4.33,-20.88
HyperCash,0.819976,-13.76
DigiByte,0.002813,-20.09
BitShares,0.013090,-13.76
STASIS EURO,1.07,0.81
v.systems,0.017468,-15.53
Zilliqa,0.003262,-13.99
Bytecoin,0.000177,-24.90
Seele,0.043141,-14.96
Komodo,0.251801,-41.93
Verge,0.001814,-14.21
Molecular Future,0.344701,-12.96
Status,0.008392,-15.78
WAX,0.026110,-19.35
Ardor,0.027528,-17.64
IOST,0.002287,-17.73
Energi,1.01,-13.52
Zcoin,2.72,-10.23
Golem,0.026826,-20.26
Aeternity,0.082652,-10.75
Ren,0.029089,-28.66
aelf,0.045019,-19.36
Loopring,0.024257,-19.16
Yap Stone,0.157515,-9.24
WaykiChain,0.123864,-13.71
Tachyon Protocol,0.087131,-3.89
Hyperion,0.073173,-5.98
Chiliz,0.005054,-13.29
Pundi X,0.000093,-17.14
Gatechain Token,0.356370,-7.19
Huobi Pool Token,0.004199,-12.90
Matic Network,0.007619,-25.42
Decentraland,0.019762,-20.30
Dragon Coins,0.059325,89.63
RSK Infrastructure Framework,0.034657,-16.98
Blockstack,0.056005,-24.19
Aave,0.015356,-26.79
MaidSafeCoin,0.043298,-13.34
Quant,1.59,-19.13
Aion,0.047205,-21.72
Power Ledger,0.043909,-22.63
Elastos,0.994979,-13.58
Electroneum,0.001776,-14.48
Project Pai,0.011963,-0.75
Digitex Futures,0.021431,-14.53
TrueChain,0.217359,-1.76
Single Collateral DAI ,1.02,-2.84
Crypterium,0.167317,-18.02
GXChain,0.244873,-6.40
Stratis,0.159373,-23.62
iExec RLC,0.197806,-24.00
SOLVE,0.047450,-21.24
Aragon,0.475781,-21.89
Orbs,0.007503,-9.16
BHEX Token,0.033172,-10.40
Factom,1.66,-12.39
Ripio Credit Network,0.028469,-25.38
Celsius,0.060211,-21.50
Wirex Token,0.007533,-13.50
Grin,0.380085,-14.41
BOSAGORA,0.048196,-10.35
ZTCoin,0.047148,2.56
MX Token,0.066399,-14.49
ILCoin,0.030368,-6.81
TomoChain,0.181429,-15.41
Aidos Kuneen,0.505761,-19.26
WINk,0.000064,-3.22
Super Zero,0.050846,-10.71
ReddCoin,0.000425,-21.53
Beam,0.212680,-14.20
Swipe,0.196349,-23.12
Ark,0.098285,-11.60
Thunder Token,0.003979,-9.43
STPT,0.016480,-3.13
Ignis,0.014823,-15.99
Waltonchain,0.158529,-19.73
Loom Network,0.011250,-23.32
BHPCoin,0.539853,-10.93
Numeraire,4.71,-20.03
PIVX,0.184651,-18.88
ZEON,0.000415,-9.96
Nash Exchange,0.437124,-22.89
Unibright,0.067650,-31.90
Gnosis,9.10,-8.50
Civic,0.014820,-19.91
Wanchain,0.093534,-22.51
QASH,0.028008,-9.74
Metal,0.150144,-18.68
Divi,0.006023,-26.98
Populous,0.176889,-15.80
NULS,0.110643,-17.37
Nebulas,0.179395,-13.42
Bancor,0.133642,-14.90
B2BX,0.468110,-5.69
Vertcoin,0.165872,-18.94
SwissBorg,0.012850,-11.40
Storj,0.064982,-23.00
BitKan,0.001403,-7.83
Cortex,0.035239,-19.00
Dentacoin,0.000019,-30.20
Diamond Platform Token,4.99,-11.68
CryptoFranc,1.04,-2.80
Tierion,0.019984,-18.73
Loki,0.180082,-14.35
IoTeX,0.001546,-19.33
TTC,0.020388,-14.63
GoWithMi,0.003056,6.82
FunFair,0.001249,-21.54
Function X,0.043683,0.07
Machine Xchange Coin,0.003154,-13.24
Gas,0.797587,-19.28
Einsteinium,0.036661,-21.91
Groestlcoin,0.107801,-17.96
Bread,0.090622,-15.02
YOU COIN,0.017626,-4.73
Metaverse ETP,0.100693,-8.59
ODEM,0.035377,-9.33
BORA,0.011547,-9.75
Cosmo Coin,0.011376,-11.52
EDC Blockchain,0.002829,30.67
Syscoin,0.012610,-18.91
MovieBloc,0.001580,-2.07
Gifto,0.010887,-29.12
Harmony,0.001532,-19.49
Polymath,0.014162,-21.25
Cred,0.010408,-15.02
Nxt,0.006843,-11.86
XMax,0.000375,-26.26
Newton,0.000329,-18.63
Storeum,7.64,43.81
TAGZ5,1.72,6.68
InnovativeBioresearchClassic,1.00e-10,-40.23
MINDOL,2.09,45.79
INO COIN,1.34,31.68
PlayFuel,0.328032,-9.14
Baer Chain,0.733147,-11.17
PRIZM,0.108438,-16.96
Metaverse Dualchain Network Architecture,0.010181,-13.15
GlitzKoin,0.350301,8.06
Mixin,165.40,-6.06
ThoreCoin,914.80,-12.31
Insight Chain,0.218148,-6.44
ThoreNext,3.27,-18.23
Counos Coin,4.40,-1.58
Cryptonex,1.09,-12.05
GAPS,5.48,-1.29
ETERNAL TOKEN,0.565085,-12.12
Dimension Chain,0.204948,-12.62
Beldex,0.042303,-9.33
QCash,0.133509,-2.43
Insolar,0.994416,-3.72
botXcoin,0.023835,-14.13
Tap,0.074098,-1.14
inSure,0.010531,-12.06
Centrality,0.042572,-4.06
Joule,0.033526,0.00
Ecoreal Estate,0.158860,-0.83
Bitbook Gambling,0.092003,-11.57
USDK,0.993348,-1.07
1irstcoin,0.703585,-11.07
MineBee,0.015026,-14.62
Flexacoin,0.001004,-15.14
Breezecoin,0.270012,-14.24
PLATINCOIN,5.38,-1.18
Buggyra Coin Zero,0.013340,1.45
UNI COIN,0.429694,179.01
HEX,0.000291,-2.32
Bankera,0.000938,-15.02
Velas,0.017048,-13.44
Cryptoindex.com 100,0.363553,-13.05
NEXT,0.544347,-7.20
Poseidon Network,0.009848,-2.31
FABRK,0.004291,-13.35
BitcoinHD,3.38,-7.16
BitBay,0.020256,80.28
BitForex Token,0.004644,-8.67
BitMax Token,0.029233,-6.08
MEXC Token,0.019156,-0.24
Vitae,0.894794,-15.76
PAX Gold,"1,498.19",-3.36
Jewel,0.303990,0.77
Folgory Coin,0.998796,-25.38
BigONE Token,0.001666,-12.37
Envion,0.122624,-2.19
Bit-Z Token,0.118489,-4.55
ZVCHAIN,0.032982,-14.07
Qubitica,17.80,-14.48
Dynamic Trading Rights,0.009331,-13.26
Bitball Treasure,30.63,-15.08
STEM CELL COIN,0.041487,-5.98
Bitcoin 2,0.730145,-13.10
AgaveCoin,0.031531,-11.86
LuckySevenToken,0.175709,-5.45
CasinoCoin,0.000281,-21.53
Tratin,0.000098,-17.29
LATOKEN,0.028374,-19.56
CRYPTO20,0.261362,-12.01
Anchor,0.790118,0.20
VestChain,0.001417,-13.75
General Attention Currency,0.970500,-1.41
Veritaseum,4.48,-14.73
MOAC,0.151251,-7.05
XeniosCoin,0.122486,2.50
CryptoVerificationCoin,16.25,-10.20
Chimpion,0.292832,-6.21
ChronoCoin,0.004103,-28.44
FIBOS,0.008591,-4.75
Ultiledger,0.013902,-7.40
Spectre.ai Dividend Token,0.108432,0.00
Karatgold Coin,0.001934,-15.88
Elitium,0.892665,-14.94
DAD,0.138129,-13.79
Orchid,0.128655,-15.38
Neutrino Dollar,0.961315,-3.73
Obyte,11.07,-13.42
Apollo Currency,0.000527,-13.32
WazirX,0.070906,-27.42
Unobtanium,37.14,-12.09
GreenPower,0.002311,-11.94
WinCash,4.85,-0.96
Kusama,1.44,-12.30
Telos,0.028709,-15.93
OTOCASH,0.329713,0.16
Clipper Coin,0.002486,3.51
Everipedia,0.000897,-10.18
Elrond,0.000686,-16.38
Ultra,0.029461,-12.33
Lambda,0.010549,-16.36
Dent,0.000084,-13.43
Fetch.ai,0.009615,-17.43
Ocean Protocol,0.019098,-32.17
BlockStamp,0.248812,1.72
Robotina,0.021516,-7.48
Blocknet,0.981814,-10.03
Bibox Token,0.063883,-10.40
BTU Protocol,0.092138,-13.24
Everus,0.013888,-12.15
United Traders Token,0.170294,-6.34
Cajutel,4.71,-8.85
Aladdin,0.000147,-10.06
NewYork Exchange,1.94,-13.35
Emirex Token,0.249552,-11.80
Revain,0.012700,-4.21
Contents Protocol,0.001933,0.00
Monero Classic,0.334297,-6.80
THORChain,0.041714,-37.34
Storm,0.000779,-19.42
Arcblock,0.060035,-12.61
CONUN,0.002077,-13.54
Nexus,0.091319,-18.82
IoT Chain,0.067427,10.22
Sentinel Protocol,0.017219,23.61
Metadium,0.004694,-2.45
Burst,0.002771,-24.79
Digix Gold Token,48.52,-1.59
CyberVein,0.005371,-0.10
IRISnet,0.009406,-22.16
Reserve Rights,0.001341,-25.81
Aurora,0.000862,-14.51
doc.com Token,0.007342,-8.09
Enigma,0.073935,-26.06
apM Coin,0.182694,-15.67
Dragonchain,0.023067,-11.42
Carry,0.001253,-20.06
Theta Fuel,0.001417,-19.96
Santiment Network Token,0.086300,-3.83
WhiteCoin,0.021383,-4.44
MediBloc,0.002153,-15.58
Credo,0.009619,0.00
eBitcoin,0.278829,0.00
IQeon,0.939849,-9.87
SingularityNET,0.009543,-22.68
DMarket,0.090183,-20.97
Origin Protocol,0.179516,-24.64
OST,0.006945,-9.37
USDQ,0.925295,-5.62
Mooncoin,0.000022,73.75
The Force Protocol,0.016233,-1.46
Polybius,1.27,-11.29
LTO Network,0.023661,-26.26
Moss Coin,0.014457,-15.22
Constellation,0.004931,-23.51
CoinEx Token,0.006447,-11.36
Cocos-BCX,0.000205,-18.54
Lightning Bitcoin,1.27,-10.14
Eidoo,0.068256,-21.34
PressOne,0.017103,-5.31
Mainframe,0.000510,-20.88
IDEX,0.009689,-23.05
Acute Angle Cloud,0.018748,-19.45
Moeda Loyalty Points,0.236952,-17.96
Contentos,0.004583,-17.33
Steem Dollars,0.683337,-10.50
Davinci Coin,0.001268,-20.47
Aergo,0.017532,-13.02
Gemini Dollar,1.00,2.20
Voyager Token,0.020760,-24.46
LINKA,0.006635,6.72
Cindicator,0.002367,-26.92
Credits,0.024077,-8.07
sUSD,0.982536,1.30
EDUCare,0.006169,-16.32
GoChain,0.004775,-19.31
Skycoin,0.257951,-13.43
Request,0.005583,-16.65
CyberMiles,0.005474,-17.45
SALT,0.053845,-18.40
FLETA,0.005292,0.95
Wrapped Bitcoin,"4,822.16",-11.27
DDKoin,2.50,-9.34
Electronic Energy Coin,0.009856,-14.16
Hxro,0.045368,0.23
QuarkChain,0.001802,-18.55
Safe,0.204111,-16.87
Ankr,0.001054,-22.33
Band Protocol,0.231149,-31.26
Sport and Leisure,0.006148,-15.11
bitCNY,0.133143,-2.09
MicroBitcoin,0.000022,-24.92
Agrocoin,0.033697,5.45
VIDY,0.000662,-15.14
Zano,0.407267,-27.71
Celer Network,0.001113,-21.26
GNY,0.020870,-8.49
Fantom,0.002213,-21.37
Perlin,0.011688,-23.49
Neblio,0.257922,-18.79
Elamachain,0.006183,0.00
ZrCoin,0.872426,-14.43
Gulden,0.007748,-12.12
Aencoin,0.014669,-6.06
Kin,0.000003,-18.24
CRYPTOBUCKS,0.014828,5.49
SaluS,3.85,-12.90
Kleros,0.008487,-39.96
LHT,0.077939,0.14
AdEx,0.045798,-22.14
Rakon,0.047926,-13.64
Polis,0.390181,-12.41
Neumark,0.097854,1.92
SIRIN LABS Token,0.007690,-19.07
Streamr DATAcoin,0.005524,-22.08
REPO,0.033920,-25.82
TOP,0.000816,-8.74
Tael,0.048520,-22.09
Telcoin,0.000076,-12.99
Wixlar,0.001484,-20.22
FirstBlood,0.041439,-9.05
T.OS,0.004143,-10.74
UnlimitedIP,0.002849,-16.77
RChain,0.009228,-11.06
IONChain,0.027275,17.18
XinFin Network,0.000597,-14.48
Quantum Resistant Ledger,0.048268,-11.55
Jibrel Network,0.020065,-28.64
SmartMesh,0.002553,-13.90
NKN,0.007308,-24.79
BitCapitalVendor,0.003643,-6.60
adToken,0.004185,-0.25
EveryCoin ,0.000357,-7.70
Quark,0.012571,-13.01
Nectar,0.040300,-25.11
Maximine Coin,0.002011,10.92
Pillar,0.012767,-13.39
COTI,0.010521,-26.30
Safex Token,0.001731,5.79
TenX,0.022643,-12.90
Counterparty,1.24,-5.08
NavCoin,0.047359,-9.20
Silverway,0.021438,-21.50
Credit Tag Chain,0.053935,0.00
Peercoin,0.122855,-7.68
SymVerse,0.048004,-12.47
Achain,0.003318,-12.21
S4FE,0.011914,-11.80
Dusk Network,0.013831,-17.19
All Sports,0.002104,-8.67
Blackmoon,0.058199,-13.22
Asch,0.033666,0.63
QuickX Protocol,0.006426,1.69
#MetaHash,0.001773,-7.62
VideoCoin,0.068224,-4.21
Fusion,0.087726,-3.57
Levolution,0.101722,-11.78
Ivy,0.004425,-47.63
Endor Protocol,0.002607,-23.33
Mobius,0.005829,-4.49
Atlas Protocol,0.001192,-13.38
suterusu,0.003983,-5.63
Monolith,0.091082,-13.42
Quantstamp,0.004768,-22.50
eosDAC,0.004477,-77.48
Namecoin,0.198966,-43.57
LockTrip,0.195916,-17.81
BABB,0.000087,-17.64
AMO Coin,0.000208,-6.96
Tokenomy,0.014564,-13.94
BQT,0.005859,1.55
MixMarvel,0.001454,-15.99
Bitcore,0.162283,-16.21
Snetwork,0.014895,1.31
Wagerr,0.015286,-10.86
Valor Token,0.144383,-3.77
Tellor,2.89,-23.59
Invictus Hyperion Fund,0.023512,-16.71
Locus Chain,0.003348,0.00
PLANET,0.140836,-3.86
ARPA Chain,0.004234,-21.55
Beaxy,0.012046,0.00
ProximaX,0.000448,-12.96
Rocket Pool,0.267849,-15.29
FNB Protocol,0.001163,-14.76
High Performance Blockchain,0.062790,-7.93
Bitcoin Rhodium,3.26,-8.73
BnkToTheFuture,0.003679,-40.49
ChainX,0.645797,-19.92
USDx stablecoin,0.996500,-0.63
pEOS,0.003265,-10.76
VITE,0.005911,-16.75
TrustVerse,0.007986,-6.33
LiquidApps,0.004939,-16.62
U Network,0.000378,-16.10
SmartCash,0.001866,-18.09
Ruff,0.002691,-11.79
Egoras Dollar,0.344796,-26.58
Incent,0.056666,-11.24
BaaSid,0.000532,-0.49
Metronome,0.251894,-6.70
Pepe Cash,0.003696,-8.39
Raiden Network Token,0.050846,-21.75
EOSDT,0.991016,1.01
Melon,2.05,-17.34
Dero,0.265531,-12.31
LBRY Credits,0.007436,-15.70
Constant,49.84,0.00
Utrust,0.005606,-18.10
DigitalBits,0.007566,-22.26
Time New Bank,0.000811,-18.54
Bezant,0.003631,-9.64
LINA,0.008811,6.58
Eminer,0.002226,-19.55
VNX Exchange,0.248166,35.68
HYCON,0.001146,-13.11
Prometeus,0.470578,-5.23
Hydro,0.000231,-20.34
APIS,0.000407,-18.74
Egretia,0.000585,-16.40
Particl,0.274850,-20.94
Uquid Coin,0.245674,0.73
Stakenet,0.025610,-20.38
TaaS,0.299061,-13.38
Futurepia,0.002713,0.00
Bitcoin Free Cash,4.42,-13.22
Electra,0.000085,-11.62
YOYOW,0.005055,-20.82
PumaPay,0.000095,-19.78
Game.com,0.003072,-13.55
Refereum,0.000489,-19.21
Cashaa,0.003059,-27.28
Haven Protocol,0.192974,-24.51
Humanscape,0.004876,-20.30
Esportbits,0.100055,-1.73
Origo,0.005446,-13.01
Travala.com,0.064100,-26.14
Everex,0.099603,-24.59
Ondori,0.000060,0.00
FOAM,0.007681,-30.26
Mithril,0.002887,-19.70
Litecoin Cash,0.003335,-10.73
EOS Force,0.002306,8.06
INT Chain,0.005851,-35.57
Universa,0.001200,-8.68
Po.et,0.000705,-20.13
Selfkey,0.000728,-18.22
ColossusXT,0.000185,-13.20
TokenClub,0.004215,-15.23
SwftCoin,0.000601,-14.75
MIR COIN,0.003512,0.39
1World,0.087914,-11.36
PegNet,0.001199,-20.38
PlayChip,0.000154,2.72
Ether Zero,0.012769,-24.00
Nimiq,0.000384,-9.30
FLO,0.013983,-16.41
DREP,0.000869,-25.32
Tripio,0.000566,-19.48
WePower,0.003492,-14.38
GET Protocol,0.186028,-16.43
STACS,0.003908,0.00
Pirate Chain,0.013622,-17.79
SingularDTV,0.003392,-20.69
GameCredits,0.028881,-3.79
GoCrypto Token,0.009854,1.88
Nyzo,0.177580,-5.74
Ethereum Meta,0.000039,867.70
Ambrosus,0.005920,-22.10
V-ID,0.043400,-27.41
Digital Asset Guarantee Token,0.060064,-7.72
Global Digital Content,0.000617,-11.77
NativeCoin,0.086319,-6.78
Asian Fintech,0.007882,0.30
Nucleus Vision,0.000293,-18.52
Presearch,0.012658,-34.30
Vipstar Coin,0.000040,10.36
Lykke,0.006172,-0.42
BidiPass,0.008089,-18.50
Titan Coin,0.002154,10.01
ShareToken,0.001757,-20.24
Measurable Data Token,0.003438,-13.71
CWV Chain,0.000542,-14.01
Wowbit,0.006859,0.00
BitGreen,0.181908,-15.54
Genesis Vision,0.427263,-23.75
Newscrypto,0.019827,-4.03
Chromia,0.012093,-7.31
Zel,0.019499,-10.49
Darico Ecosystem Coin,0.029703,-14.94
Emercoin,0.041185,-7.58
EURBASE,0.646280,-6.99
Viacoin,0.080206,-19.16
NaPoleonX,0.075358,-17.14
Lunes,0.012138,-16.70
TROY,0.001418,-23.30
Matrix AI Network,0.008757,-20.43
Sealchain,0.009718,0.00
Ubiq,0.041997,-18.18
Content Value Network,0.002105,-14.88
Cube,0.000264,2.16
Flash,0.001977,-2.29
Agrello,0.020422,-18.22
district0x,0.002912,-15.31
QunQun,0.002559,-11.28
BOScoin,0.002002,-23.76
ROAD,0.021804,-11.63
XYO,0.000135,-14.41
Caspian,0.003855,-12.67
Bluzelle,0.007804,-21.30
Ternio,0.005044,-4.52
Propy,0.032804,-19.76
UGAS,0.009565,-19.27
Themis,0.002737,-18.45
Artfinity,0.013118,-4.99
ROOBEE,0.001831,-13.76
DAPS Coin,0.000031,-29.01
MintCoin,0.000065,0.00
CUTcoin,0.017971,-17.70
BOX Token,0.016389,-34.10
Dock,0.002818,-23.22
Global Cryptocurrency,0.001272,-12.34
HyperExchange,0.027177,-17.66
IntelliShare,0.007327,25.73
DATA,0.000142,-12.08
Ampleforth,0.474466,-13.41
AppCoins,0.015805,-22.80
TERA,0.001874,-6.89
OriginTrail,0.005429,-20.25
Xaurum,0.021812,-22.93
VeriDocGlobal,0.000192,20.46
OneRoot Network,0.005451,-14.68
OAX,0.020569,-19.11
HTMLCOIN,0.000029,-24.40
StableUSD,0.975070,-1.76
SONM,0.004306,-23.17
Monetha,0.003789,-20.13
Morpheus.Network,0.045144,-14.97
ContentBox,0.001627,-9.70
Etheroll,0.214173,-15.40
Peculium,0.000733,-18.56
0Chain,0.037332,-12.72
NIX,0.034610,-1.31
Gleec,0.370674,-13.65
Blox,0.002208,-16.96
Fatcoin,0.011543,-10.11
Amoveo,21.79,-27.48
LoyalCoin,0.000277,0.00
Phore,0.072600,9.42
QLC Chain,0.006122,-19.88
POA,0.006672,-24.84
MVL,0.000192,-7.22
CoinMetro Token,0.018694,-8.23
Axe,0.256723,-23.40
DAOstack,0.033032,-8.64
1SG,0.659846,4.27
Kava,0.334427,-22.17
Hi Mutual Society,0.003580,-8.97
BitMart Token,0.008406,-15.96
Rublix,0.069527,-25.82
CommerceBlock,0.008204,-11.80
SunContract,0.011619,-21.80
HashBX ,0.002261,99.47
SIX,0.005137,-18.97
Global Social Chain,0.002527,-10.05
DreamTeam Token,0.037528,-8.17
Viberate,0.007242,-21.31
AIDUS TOKEN,0.003144,-2.58
Cryptaur,0.000112,-16.09
OKCash,0.018092,-15.46
DAO.Casino,0.008086,-26.93
PlayCoin [ERC20],0.001359,-21.26
Kuai Token,0.131610,-1.97
Odyssey,0.000211,1.23
BLOCKv,0.000449,1.27
Databroker,0.017410,-8.75
VIBE,0.005106,-21.84
NPCoin,0.018324,-9.14
VNDC,0.000041,-4.36
EXMO Coin,0.001838,-12.99
DeepBrain Chain,0.000415,-15.51
INLOCK,0.001056,-15.09
MediShares,0.001750,-13.47
Edge,0.018087,-16.49
Remme,0.001340,-13.51
Verasity,0.000330,-20.76
RealTract,0.000121,2.10
Aeon,0.080221,-15.58
Teloscoin,0.009115,44.70
Content Neutrality Network,0.000032,-14.34
Winding Tree,0.057651,-20.30
VeriBlock,0.002111,-13.64
Aeron,0.061495,-15.14
Bloom,0.022772,-17.97
AMLT,0.005004,20.00
BetProtocol,0.000727,-17.75
Boolberry,0.092112,-10.71
ATC Coin,0.003203,-8.89
PlatonCoin,0.174284,-19.42
Litex,0.001199,-18.21
IPChain,0.014997,-0.21
AirSwap,0.008042,-20.68
Feathercoin,0.004426,-7.66
DACSEE,0.001589,0.00
Sentivate,0.000516,-13.49
Kcash,0.002669,-20.08
Airbloc,0.004677,-15.84
bitUSD,0.548801,-13.40
LikeCoin,0.003486,-11.02
Winco,0.002450,-0.87
ECC,0.000047,-12.40
Pigeoncoin,0.000244,2.22
OVCODE,0.026703,0.00
PayPie,0.014137,-27.20
PAC Global,0.000153,-7.45
COS,0.005904,0.00
VNT Chain,0.000428,-6.49
MargiX,0.009750,-14.82
Spendcoin,0.000559,-19.73
Paypex,0.016836,-16.57
Ouroboros,0.117910,-14.16
Akropolis ,0.001190,-1.65
Blue Whale EXchange,0.026744,-14.94
PolySwarm,0.000735,-10.13
Bean Cash,0.000321,0.00
Radium,0.282687,-12.26
Ergo,0.103663,-16.06
APIX,0.036225,-25.92
Switcheo,0.002125,-12.73
Callisto Network,0.000456,-16.86
Scry.info,0.002556,-1.77
qiibee,0.001802,-14.94
Hubii Network,0.070947,-5.73
DECOIN,0.041981,84.38
Vexanium,0.001547,-11.25
Spectrecoin,0.048566,-11.80
DeepOnion,0.067555,-13.63
Effect.AI,0.004311,-14.60
SynchroBitcoin,0.097498,-7.46
Etherparty,0.001083,-20.26
ZeuxCoin,0.005679,-2.75
Blockmason Credit Protocol,0.009244,-22.96
Lympo,0.001280,-19.60
Red Pulse Phoenix,0.001281,-24.48
Bitrue Coin,0.015644,-16.66
Myriad,0.000612,-13.69
Abyss Token,0.004582,-11.69
CanYaCoin,0.010889,-1.98
CoinPoker,0.003909,-14.22
PIBBLE,0.000089,4.54
Sense,0.002029,-15.30
Substratum,0.002681,-7.12
BlackCoin,0.017142,-14.08
Nuggets,0.000592,-24.29
Skrumble Network,0.000994,-14.25
Covesting,0.056685,-15.94
Zero,0.121833,-16.58
Krios,0.005228,-26.72
Coinsbit Token,0.000753,-15.26
Genaro Network,0.003853,-14.84
BitNewChain,0.005505,-18.55
Zebi Token,0.002659,-6.84
ALQO,0.015168,-22.32
Rotharium,0.291780,-23.62
Blocktrade Token,0.017501,0.00
Color Platform,0.006961,-15.60
ParkinGo,0.055014,-19.51
Cryptopay,0.014154,-10.56
ZClassic,0.120532,-11.92
Naka Bodhi Token,0.015982,-0.56
Starta,0.190170,0.00
Noku,0.040030,-13.31
VINchain,0.001591,-30.11
TrueFlip,0.150494,-15.78
Brickblock,0.012492,-6.56
Restart Energy MWAT,0.002053,-11.91
PotCoin,0.004143,-14.35
Smartlands,0.182660,-14.88
Insights Network,0.006377,-0.01
Streamit Coin,0.113884,-17.24
Lunyr,0.400885,-21.53
Adshares,0.026238,-13.95
Cryptocean,0.141046,-13.82
Peerplays,0.202706,2.86
Spectre.ai Utility Token,0.036846,0.00
Veil,0.014502,-21.03
Pivot Token,0.000175,-16.80
TE-FOOD,0.001720,-27.84
Flowchain,1.29,-12.21
Beetle Coin,0.004030,-12.47
Pascal,0.026261,-20.16
Dropil,0.000038,-14.02
Grid+,0.022289,-16.50
Wings,0.009088,-10.37
Moneytoken,0.000092,-12.27
Tixl,18.04,-4.24
Fountain,0.009816,-1.88
Education Ecosystem,0.003945,0.00
MassGrid,0.011161,0.00
Sentinel,0.000428,-28.53
Crown,0.034858,-1.14
THEKEY,0.000143,-14.41
LinkEye,0.001405,-13.27
Stealth,0.023898,-8.35
ERC20,0.016763,-6.09
ShipChain,0.003195,-25.98
GMB,0.001608,-11.03
Penta,0.000040,-19.90
Sumokoin,0.040971,-6.53
Bottos,0.001462,-17.68
Trade Token X,0.009690,16.88
PetroDollar,0.012900,11.72
Netbox Coin,0.026977,-14.59
Unikoin Gold,0.005549,-8.78
Swarm,0.010470,-23.75
e-Gulden,0.047693,9.50
SafeCapital,0.704802,-5.60
DEX,0.004192,-10.29
Leverj,0.006794,0.00
Auroracoin,0.044267,19.58
Hiveterminal Token,0.001951,-21.11
HoryouToken,0.000731,0.00
BitTube,0.003248,-26.69
Loopring [NEO],0.006964,-25.93
Plair,0.000040,-15.95
Metrix Coin,0.000049,-9.17
PCHAIN,0.002247,16.64
Pundi X NEM,0.000045,-23.80
Rubycoin,0.028426,-1.15
Quanta Utility Token,0.000021,-18.80
Qitmeer,0.002003,-5.83
Blockchain Certified Data Token,0.021729,-16.20
Tolar,0.003052,-29.97
BitBall,0.005894,-19.28
CashBet Coin,0.004906,-10.02
BonusCloud,0.000255,-1.80
MB8 Coin,0.004743,-17.51
RSK Smart Bitcoin,"4,690.68",-12.35
Kryll,0.028496,-12.93
Nasdacoin,0.033098,-16.87
Trias,0.000634,-11.05
WeOwn,0.007487,-12.51
CPChain,0.001989,-20.99
BOOM,0.000947,-5.97
Morpheus Labs,0.002125,-28.31
RedFOX Labs,0.006863,-8.93
AI Doctor,0.001323,-18.43
NOIA Network,0.003049,-35.42
Hashgard,0.000011,1.97
Xensor,0.002045,-14.76
Linkey,0.014479,0.00
ATLANT,0.013349,4.48
Zipper,0.000045,-6.69
Unification,0.015958,-7.43
Lition,0.020299,-21.67
Lamden,0.005257,-17.47
ADAMANT Messenger,0.008517,-0.50
USDX,0.189743,0.11
SpaceChain,0.001442,-8.53
Clams,0.176493,-12.23
JD Coin,0.051843,-8.91
Amino Network,0.015570,-9.84
IHT Real Estate Protocol,0.000710,-20.41
Dimecoin,0.000001,7.97
Fast Access Blockchain,0.024656,-9.81
CargoX,0.004572,-24.36
ZPER,0.000531,-19.21
DigitalNote,0.000094,-40.48
W Green Pay,0.041904,0.02
Vetri,0.002356,3.46
BitCrystals,0.029894,2.47
FintruX Network,0.007158,10.01
OneLedger,0.001708,-28.54
PHI Token,0.116410,-14.49
Traceability Chain,0.000815,-25.59
I/O Coin,0.038132,10.22
CEEK VR,0.001303,-3.45
MobileGo,0.006622,-3.47
NAGA,0.009262,-4.00
MultiVAC,0.000184,-18.18
Blockport,0.011729,-24.96
Hydro Protocol,0.000939,-14.43
Phantasma,0.011234,-11.43
carVertical,0.000085,-11.36
Opacity,0.005054,-16.76
Eden,0.001085,-12.32
Primecoin,0.020740,-7.23
Ink,0.001377,-13.69
X-CASH,0.000012,-16.25
Mysterium,0.026746,-28.78
Maecenas,0.010646,-23.80
Quasarcoin,0.003749,2.06
Pluton,0.739723,-25.59
Stronghold Token,0.000183,-14.01
Liquidity Network,0.011875,-9.76
Upfiring,0.028737,-1.01
CryptalDash,0.000617,0.00
Nestree,0.001560,-6.05
Curecoin,0.025165,-8.98
Gold Bits Coin,0.005792,0.00
TEMCO,0.000187,-15.60
ChatCoin,0.000885,-12.66
SureRemit,0.001218,-31.72
Ubex,0.000191,-10.88
Semux,0.047767,-12.54
SINOVATE,0.001083,1.44
CloakCoin,0.111012,-15.29
YGGDRASH,0.000110,5.81
Footballcoin,0.001600,-10.06
EXRNchain,0.000006,-15.14
Ecobit,0.001344,0.00
Terracoin,0.025877,-17.26
Hashshare,0.006708,2.44
DAEX,0.001662,-18.17
Edgeless,0.005011,-18.52
Neurotoken,0.007432,-20.03
Lisk Machine Learning,0.004878,1.24
TokenPay,0.034835,-8.93
LIFE,0.000007,-14.21
Lendingblock,0.000745,-7.37
NeoWorld Cash,0.000026,-6.85
DABANKING,0.148574,-1.07
Q DAO Governance token v1.0,8.49,0.00
ImageCoin,0.032187,-16.77
QChi,0.017809,-6.72
EncrypGen,0.008516,0.00
Mallcoin,0.003202,0.00
ICE ROCK MINING,0.035850,-10.99
Medicalchain,0.001814,-12.01
Kambria,0.000454,-18.60
Digital Gold,48.21,0.24
Tarush,0.000093,0.00
FREE Coin,6.36e-8,-12.09
Cardstack,0.000231,-15.18
Shivom,0.000596,0.00
LUXCoin,0.069665,3.86
Webflix Token,0.000244,-16.97
BOLT,0.000952,-32.25
Omni,0.942853,-17.23
Origin Sport,0.001767,-18.81
MenaPay,0.004759,3.29
GridCoin,0.001323,-7.88
savedroid,0.000196,0.00
Tidex Token,0.055360,-12.36
TurtleCoin,0.000008,-10.95
Bitsdaq,0.000194,-17.34
POPCHAIN,0.000578,0.00
Insureum,0.002404,-8.98
YEE,0.000375,-9.57
Nework,0.003446,-7.78
Change,0.025848,-22.08
indaHash,0.001271,-15.87
MEET.ONE,0.000265,-5.89
Primas,0.009596,-20.93
CannabisCoin,0.006544,-12.39
Xriba,0.005125,-14.82
Hacken,0.091781,-12.57
WeTrust,0.005461,-8.85
HiCoin,0.000113,0.00
Gene Source Code Chain,0.001337,-13.79
UNIVERSAL CASH,0.000048,-11.94
Eterbase Coin,0.000507,-12.79
Vezt,0.012313,0.00
MidasProtocol,0.001314,-15.17
Niobium Coin,0.007816,-1.05
Olive,0.001744,0.00
WeShow Token,0.002998,-13.98
Denarius,0.065227,-17.25
DECENT,0.009249,-23.89
Rise,0.003296,-11.46
ATMChain,0.000101,0.00
Chrono.tech,0.659097,20.49
Ferrum Network,0.003766,-24.20
Colu Local Network,0.004642,0.00
Merebel,0.074483,-18.39
XPA,0.008064,0.00
Vision Industry Token,0.000150,-14.96
Bitcoin Atom,0.025000,-29.19
Sphere,0.036582,-14.91
Delphy,0.007277,-25.61
42-coin,"10,746.36",-13.15
Enecuum,0.009446,-2.42
NewYorkCoin,0.000003,-36.19
Qwertycoin,0.000004,-1.43
Atomic Wallet Coin,0.071443,-31.40
Apex,0.000855,-5.22
VouchForMe,0.001931,-19.85
Bismuth,0.032153,-10.67
Zap,0.003298,-19.63
ATN,0.005132,-8.87
Open Platform,0.000408,-7.49
DEEX,0.007617,-9.48
Datum,0.000428,-13.99
Proton Token,0.000052,-9.36
AmonD,0.000650,0.20
Humaniq,0.002282,-11.79
IG Gold,0.000047,0.50
Sentient Coin,0.000308,-1.04
Sakura Bloom,0.000160,-15.60
ToaCoin,0.000046,-14.29
TurtleNetwork,0.004682,3.53
SmileyCoin,0.000026,-0.19
Diamond,0.119362,-12.37
Ormeus Coin,0.011414,3.15
HBZ coin,0.000417,81.78
VegaWallet Token,0.028625,-12.02
Aventus,0.067714,3.28
aXpire,0.001440,-22.65
TouchCon,0.003923,-11.25
MonetaryUnit,0.002166,-10.44
DNotes,0.002966,-11.83
Experty,0.014774,-11.17
VeriCoin,0.012256,-16.97
Nexty,0.000002,-6.98
Pinkcoin,0.000942,-7.63
win.win,0.000086,0.00
Infinitecoin,0.000004,-18.76
Sessia,0.063093,-8.61
Mindexcoin,0.000566,-13.12
PIXEL,0.010372,-15.51
SolarCoin,0.006686,-24.27
OBITS,0.026417,243.91
Proxeus,0.001884,-26.51
ZumCoin,0.000387,-22.18
0xBitcoin,0.066139,-15.56
Bitswift,0.097659,-13.47
Friendz,0.000716,-18.32
Crypto Sports,0.143439,-13.24
Waves Community Token,0.036843,-26.10
Hellenic Coin,0.005237,-5.88
HorusPay,0.000416,-13.35
BANKEX,0.000971,-6.95
Cappasity,0.000663,-6.08
STK,0.001046,-2.15
Spiking,0.000800,-5.27
PTON,0.000024,166.09
Alphacat,0.000126,-14.74
TigerCash,0.006287,-6.79
Swace,0.000681,-9.51
Safe Haven,0.000115,-28.01
Almeela,0.092062,21.45
Kolion,0.343314,-23.80
Internxt,0.545013,-13.41
Block-Chain.com,0.001648,-12.38
Expanse,0.018119,-11.73
nOS,0.003318,-11.46
Azbit,0.000005,-12.38
Novacoin,0.142436,-23.05
Dynamic,0.022222,-10.87
DIMCOIN,0.000157,14.03
Paytomat,0.001986,-6.11
Dinastycoin,0.000168,-19.21
LNX Protocol,0.001207,-0.80
MTC Mesh Network,0.000849,-9.94
Skychain,0.043550,-12.36
Noir,0.016053,-13.03
BitcoinZ,0.000049,-12.16
EchoLink,0.000641,-14.39
DOS Network,0.000954,-3.08
1X2 COIN,0.068427,11.33
SyncFab,0.001551,-19.73
iEthereum,0.017615,-9.97
Typerium,0.000194,-18.91
Amon,0.000528,-18.20
MESG,0.004926,-12.28
0xcert,0.000913,-8.12
GAMB,0.000081,-13.45
NuBits,0.028420,-7.01
Sapien,0.001365,-1.99
StakeCubeCoin,0.091055,-56.43
Smartshare,0.000066,-19.41
Max Property Group,0.002597,0.00
PUBLISH,0.001224,-12.38
WebDollar,0.000036,-14.82
TrueFeedBack,0.000141,-19.14
BiblePay,0.000143,-12.15
Ixcoin,0.014267,0.00
XcelToken Plus,0.000048,-15.83
Zeepin,0.000599,1.05
Swap,0.034153,-6.79
CanonChain,0.000511,-43.86
QuadrantProtocol,0.000889,-14.29
BioCoin,0.000351,-5.18
EvenCoin,0.009433,-18.77
Pirl,0.004388,-2.77
Cloudbric,0.000571,-12.57
SIBCoin,0.015774,-4.92
Optimal Shelf Availability Token,0.000207,-20.35
SpankChain,0.000957,-23.52
Rate3,0.000322,-13.14
OWNDATA,0.000026,-12.76
Coineal Token,0.000952,-9.72
FNKOS,0.001819,-29.80
DomRaider,0.000478,-11.92
Pandacoin,0.000009,-26.68
Karbo,0.033563,-6.45
Coinsuper Ecosystem Network,0.000745,-18.35
Qbao,0.004245,-6.26
SafeCoin,0.009981,-10.84
Vodi X,0.000518,-1.36
Tokes,0.208934,0.00
Ubcoin Market,0.000804,0.00
COVA,0.000110,-14.82
TraDove B2BCoin,0.000550,-8.12
KARMA,0.000050,367.28
Internet of People,0.020229,0.00
XEL,0.002966,-14.74
CoTrader,0.000017,-16.61
Banca,0.000015,-11.08
Iconiq Lab Token,0.069840,0.00
LCX,0.000681,-32.00
Maincoin,0.000922,-5.82
Mcashchain,0.001684,-22.91
Matryx,0.011461,-7.33
FLIP,0.004755,-11.51
Conceal,0.038657,-18.22
Cashbery Coin,0.003911,-2.88
NuShares,0.000094,-8.29
FansTime,0.000092,-18.81
The ChampCoin,0.001485,-0.68
WinStars.live,0.014209,-25.99
CryCash,0.053720,-12.56
HashCoin,0.000020,-28.53
SnowGem,0.011089,-10.07
Halo Platform,0.000045,-32.60
Honest,0.004991,-5.47
Bitcoin Private,0.052552,-19.70
AICHAIN,0.000469,-12.50
Omnitude,0.003873,-25.38
Mercury,0.002495,-29.77
Banano,0.000247,-18.82
StarCoin,0.000165,0.00
Trinity Network Credit,0.000745,-4.61
SafeInsure,0.018453,1.35
Howdoo,0.002530,-14.33
Faceter,0.000526,-14.49
Bittwatt,0.000802,-0.31
Digital Insurance Token,0.001090,-19.30
Raven Protocol,0.000058,-24.84
GeoCoin,0.076837,-27.88
LALA World,0.000967,0.00
Seal Network,0.000465,0.00
SnapCoin,0.000511,-7.46
BZEdge,0.000080,-13.57
Espers,0.000010,-3.49
Orbitcoin,0.073729,-12.45
UpToken,0.001606,-2.61
Aryacoin,0.001838,-12.31
Shift,0.016949,-20.40
Flixxo,0.002765,-23.31
TrezarCoin,0.001175,-12.82
NeuroChain,0.000540,-7.66
Phoenixcoin,0.002952,-12.40
CVCoin,0.018528,-12.51
Playkey,0.016318,-13.80
Eureka Coin,0.003415,-7.25
Graviocoin,0.000209,-7.61
ESBC,0.010282,-16.10
ION,0.018032,-0.78
Social Send,0.004148,-11.87
Global Awards Token,0.000328,0.00
Bob's Repair,0.001223,-2.13
Lobstex,0.011740,-11.84
Storiqa,0.000020,0.00
FidentiaX,0.002081,0.00
Zippie,0.000800,-49.60
FuzeX,0.000236,-12.27
Helium,0.016243,-17.12
Bancacy,0.001601,-13.58
Stox,0.004049,-12.92
eXPerience Chain,0.000002,-26.99
Bitcoin Plus,1.55,-23.02
IXT,0.005949,123.27
Auctus,0.003568,-9.59
RED,0.001631,-13.95
Global Currency Reserve,0.001977,-3.17
adbank,0.000288,-14.35
HEAT,0.004755,-14.18
LEOcoin,0.000810,-24.15
BOMB,0.220486,-12.26
NetKoin,0.000047,830.00
NoLimitCoin,0.000342,-13.58
EncryptoTel [WAVES],0.003343,-15.65
Merculet,0.000051,-19.75
EBCoin,0.000045,-18.91
Hush,0.023790,-10.26
HempCoin,0.000800,-6.93
Snovian.Space,0.000731,17.90
Bitfex,0.001794,-12.38
AidCoin,0.004443,-16.19
Monkey Project,0.021187,-1.04
BitDegree,0.000524,-6.83
Ifoods Chain,0.000080,0.00
Datawallet,0.000512,-15.08
Uptrennd,0.002398,-13.98
Carboneum [C8] Token,0.003848,0.00
ebakus,0.002168,-7.55
ALBOS,0.000016,-1.53
DATx,0.000140,-11.76
PlayGame,0.000200,0.74
KickToken,0.000021,0.78
CYBR Token,0.005119,-0.52
Membrana,0.001579,-9.76
HOLD,0.000268,-14.94
ODUWA,0.080022,-9.16
Zen Protocol,0.008284,-14.94
Blue Protocol,0.005115,-19.94
DPRating,0.000073,-13.68
Qredit,0.000279,-52.31
PeepCoin,0.000002,0.00
ProChain,0.003662,-81.61
Motocoin,0.009228,-10.57
Ties.DB,0.004413,0.00
Relex,0.000095,-24.61
Bitcoin Incognito,0.013482,-13.78
Ulord,0.002500,-22.59
Vites,0.000005,-12.38
Playgroundz,0.006056,0.00
Memetic / PepeCoin,0.005744,-15.17
OracleChain,0.005706,-14.95
X8X Token,0.002107,-8.65
AudioCoin,0.000173,0.00
Electrify.Asia,0.000320,-31.91
Mithril Ore,13.04,0.00
Solaris,0.092750,-34.37
Bitex Global XBX Coin,0.000847,-23.56
GoByte,0.023636,-3.62
x42 Protocol,0.009256,-30.52
SBank,0.045433,-53.25
MIB Coin,0.002063,1.15
Auxilium,0.001440,-10.28
Atlantis Blue Digital Token,0.000919,-12.35
Blockpass,0.000998,16.03
Project WITH,0.000623,-19.02
Maverick Chain,0.001554,-12.39
Birake,0.001960,-9.25
Scala,0.000019,9.93
EnergiToken,0.000088,0.00
TCASH,0.004631,-17.14
Cubiex,0.003077,16.28
LocalCoinSwap,0.003060,-19.34
Zilla,0.002705,-12.79
InvestDigital,0.002072,-14.82
NOW Token,0.001953,-0.81
ExclusiveCoin,0.027500,-4.53
Dovu,0.000352,0.00
SWYFT,0.237731,-21.82
FedoraCoin,7.55e-7,-14.77
HEROcoin,0.000852,-14.60
Actinium,0.008419,-41.28
Mao Zedong,0.024675,-1.67
Sentinel Chain,0.000797,-11.53
Manna,0.000238,149.54
FortKnoxster,0.001044,-15.95
StrongHands,0.000009,-11.81
Eristica,0.000895,-20.32
GoldCoin,0.003672,-14.59
MinexCoin,0.024310,-7.19
SpectrumCash,0.000047,-13.66
Matrexcoin,0.008852,-5.18
SPINDLE,0.000044,-43.04
MMOCoin,0.002459,-1.28
Nebula AI,0.000119,-35.85
EverGreenCoin,0.010523,0.00
CoinUs,0.000440,-8.67
BeatzCoin,0.000104,-12.38
Master Contract Token,0.000262,-14.00
Nerva,0.008710,-13.32
TrakInvest,0.001762,0.00
RefToken,0.146379,0.00
Sharpay,0.000142,0.00
Nexxo,0.000680,-27.45
MARK.SPACE,0.000188,-12.39
NANJCOIN,0.000007,-21.39
CoinFi,0.000722,-6.12
On.Live,0.006654,-11.46
Bitblocks,0.000647,-14.37
Essentia,0.000164,-16.10
ShareX,0.000222,0.00
Alpha Token,0.004847,-25.50
Newton Coin Project,7.78e-7,0.00
Hyper Speed Network,0.001146,0.00
Trittium,0.001083,-17.99
AllSafe,0.015248,-30.04
CrypticCoin,0.000055,-83.10
JET8,0.000188,16.57
REAL,0.013775,-1.39
SoMee.Social,0.001596,-8.87
Zeusshield,0.000116,-0.64
Vanta Network,0.000073,-26.15
DubaiCoin,0.031639,-11.95
MyWish,0.014026,-3.66
Safex Cash,0.003390,-14.84
HashNet BitEco,0.004466,2.28
Magi,0.013699,-0.02
Eroscoin,0.000706,-12.39
Ryo Currency,0.007050,-21.89
uPlexa,0.000062,-19.39
LiteDoge,0.000008,-7.56
Primalbase Token,105.07,-21.59
Bethereum,0.000238,21.18
Business Credit Substitute,0.073857,2.26
FlypMe,0.007429,-1.93
Paragon,0.005838,-30.78
HelloGold,0.000494,-11.65
ZMINE,0.000800,14.57
PUBLYTO Token,0.000087,-12.01
DeviantCoin,0.005009,-34.19
UNICORN Token,0.001210,21.64
Bayan Token,0.542587,0.00
IDEX Membership,64.59,-20.87
wave edu coin,0.000919,-35.66
GoNetwork,0.001767,-20.51
CryptoPing,0.014077,-12.09
DopeCoin,0.001083,-13.24
Rapids,0.000028,-23.51
LanaCoin,0.000085,0.00
ONOToken,0.000007,-15.22
Pylon Network,0.230840,-5.59
RoBET,0.155508,0.00
Privatix,0.112242,-9.27
Sharder,0.000430,-17.87
bitEUR,1.13,0.00
FujiCoin,0.000046,-14.26
HOQU,0.000712,-27.67
Ether-1,0.002768,-20.10
Equal,0.000364,-14.91
CaixaPay,0.001503,-19.27
Thrive Token,0.001139,0.00
WOLLO,0.002728,-4.88
VeriumReserve,0.044304,-8.07
EtherSportz,0.041483,0.00
KekCoin,0.010829,-12.38
Patientory,0.001642,-17.87
GoldMint,0.059972,-26.33
PopularCoin,0.000029,-30.57
Netko,0.011729,0.00
Lampix,0.000843,0.00
Fortuna,0.000236,-8.78
Opus,0.000807,-2.74
Grimm,0.003780,3.94
3DCoin,0.001601,-48.91
PDATA,0.000306,-12.16
Ultimate Secure Cash,0.010829,-11.83
Shadow Token,0.015979,18.94
Trollcoin,0.000188,-12.39
Truegame,0.001348,-15.54
Dynamite,0.298273,-8.38
DecentBet,0.000587,-34.66
Raise,0.008813,-0.84
Neutron,0.002787,-13.02
Energo,0.000179,-2.14
Birdchain,0.000672,-16.03
Zeitcoin,0.000003,-11.20
BlueCoin,0.000185,0.00
SophiaTX,0.000321,34.59
Artis Turba,0.003589,-17.52
Golos,0.000498,-25.69
BitScreener Token,0.000647,-14.94
Intelligent Trading Foundation,0.010499,0.00
Chronologic,0.107999,-12.12
RealChain,0.000207,-19.16
ZENZO,0.008475,-12.38
Scorum Coins,0.003496,-14.63
Bulwark,0.006825,13.96
OptiToken,0.003624,-0.84
VisionX,0.000026,-13.83
ZCore,0.015067,-7.39
IP Exchange,0.000106,-1.43
Bigbom,0.000297,-16.97
Bezop,0.001791,-9.26
View,0.002825,-14.20
WavesGo,0.013776,0.00
Maxcoin,0.001601,-12.39
KuboCoin,0.000001,-18.50
BUZZCoin,0.000005,-9.03
EurocoinToken,0.029000,0.00
PutinCoin,0.000094,-12.38
Rupee,0.002540,-0.58
Ethersocial,0.002289,0.00
Adelphoi,0.004567,-10.67
Zennies,0.000094,-13.55
KanadeCoin,0.000017,10.73
Wavesbet,0.000002,1.86
AC3,0.000188,-12.98
Freicoin,0.001648,-14.82
PoSW Coin,0.002088,2.27
ZUM TOKEN,0.000006,-54.86
Matchpool,0.001226,-13.40
eBoost,0.000909,-13.30
Catex Token,0.000114,-11.33
DOWCOIN,0.007544,-15.75
Bitstar,0.004229,0.00
Crowd Machine,0.000188,-29.44
Masari,0.007613,-16.26
Utrum,0.001361,-0.47
Silent Notary,0.000001,-14.20
FarmaTrust,0.000146,-47.79
Decentralized Machine Learning,0.000320,-14.94
KZ Cash,0.055479,2.30
EUNO,0.002637,-24.04
Energycoin,0.000706,-12.41
Rupiah Token,0.000066,-3.09
TrueDeck,0.002768,-6.97
Voise,0.000154,0.00
Signals Network,0.000955,0.00
Arbidex,0.004133,28.23
Graft,0.000141,-12.39
Gems ,0.000071,-40.25
Lethean,0.000105,0.00
PAL Network,0.000188,-12.85
Business Credit Alliance Chain,0.000163,8.78
StrongHands Masternode,0.042373,106.38
Dether,0.000961,-8.73
Bitcoin CZ,0.029967,6.58
OLXA,0.000059,-39.10
Oxycoin,0.000086,0.00
TEAM (TokenStars),0.006759,-15.38
Neutral Dollar ,0.992348,-0.94
BoatPilot Token,0.001072,-11.96
BLAST,0.000141,-42.11
Starbase,0.000416,-11.26
Synergy,0.015897,-1.06
MFCoin,0.003721,-13.99
imbrex,0.008955,-18.13
Cobinhood,0.000188,24.30
smARTOFGIVING,0.001036,-8.07
BitCash,0.006364,-21.81
Jarvis+,0.000765,-26.24
Bitcoin Token,0.010756,3.73
MktCoin,0.000062,-33.89
AquariusCoin,0.027166,-43.59
Rivetz,0.002848,-8.65
Coinlancer,0.000938,-12.39
Veros,0.073203,-2.16
Atonomi,0.000151,0.00
Bitcoin Interest,0.004021,-17.59
Bankcoin,0.007154,-50.72
Ink Protocol,0.000196,-15.08
Infinitus Token,0.005276,-12.33
Autonio,0.000667,-1.14
Bounty0x,0.000305,-47.74
InterValue,0.000549,-6.22
IQ.cash,0.018013,233.59
Aston,0.000085,-0.85
Litecoin Plus,0.025377,2.52
Bitcoin Fast,0.005598,-15.75
MesChain,0.000089,4.64
Carboncoin,0.000004,-1.55
Deutsche eMark,0.001271,-23.44
Alt.Estate token,0.000094,-12.38
iDealCash,0.000047,-12.38
Kuverit,0.000036,-0.29
CryptoAds Marketplace,0.004702,-8.35
GravityCoin,0.019603,-0.84
BoutsPro,0.000871,-9.50
Swarm City,0.007819,-17.05
Flit Token,0.000050,-4.64
Plus-Coin,0.000141,-15.88
Bolivarcoin,0.004614,-13.49
Version,0.000106,-1.39
Blocktix,0.001648,-13.55
XDNA,0.012022,-11.04
Coinchase Token,0.000041,0.00
Gravity,0.000047,-12.38
Bitradio,0.007580,-10.72
GlobalBoost-Y,0.003580,-9.50
BitSend,0.002413,-15.06
PiplCoin,0.000800,-8.43
FSBT API Token,0.018137,-14.84
Aditus,0.000269,-21.45
Fiii,0.000131,1.84
Civitas,0.008428,-24.62
Blockburn,0.000176,-12.61
Cashpayz Token,0.014602,0.00
Devery,0.000965,-11.85
Universe,0.000706,-18.43
AdHive,0.000461,-13.94
Yocoin,0.000163,-12.00
AiLink Token,0.000012,105.49
Bonpay,0.005320,-32.01
BlitzPredict,0.000159,-1.15
CREDIT,0.000003,-16.11
Beacon,0.049945,-3.88
Zetacoin,0.000348,-18.93
EveriToken,0.002677,6.62
Limitless VIP,0.000047,-12.39
Coin Lion,0.001836,-14.68
Verify,0.004355,13.81
Bela,0.001251,0.00
bitBTC,"1,690.50",0.00
Parachute,0.000146,-7.11
Suretly,0.241350,12.83
CryptoCarbon,0.002308,-19.15
Minereum,0.006733,-8.66
Sparkpoint,0.000011,-16.56
VeriSafe,0.000005,7.08
Scanetchain,0.000067,-17.76
CFun,0.000130,0.00
Emerald Crypto,0.002921,-19.23
Soverain,0.014410,-18.65
Unify,0.003060,0.41
Cryptonite,0.000078,0.00
BlockCAT,0.007534,483.53
TENA,0.021198,-4.34
Pesetacoin,0.000381,-46.65
PYRO Network,0.000062,-17.90
MetaMorph,0.000351,-32.83
FundRequest,0.001109,0.00
BitCoen,0.007554,-7.23
RightMesh,0.000741,-14.93
Arionum,0.000330,2.27
GCN Coin,3.05e-7,-0.56
DeVault,0.000278,-13.11
INMAX,0.033321,-6.29
Pakcoin,0.000754,-6.89
CYCLEAN,0.000075,0.00
BitClave,0.000102,-6.11
Startcoin,0.001131,-12.36
Bitcloud,0.001555,-12.34
TagCoin,0.007842,-0.72
MyBit,0.000328,-22.88
eSDChain,0.000515,-38.10
AirWire,0.000417,-2.70
WandX,0.004088,0.00
Bee Token,0.000210,0.00
InsaneCoin,0.002026,-6.79
ClearPoll,0.007019,-12.95
Freyrchain,0.000098,0.00
2GIVE,0.000094,0.00
DAV Coin,0.000071,-14.20
SHIELD,0.000094,-12.35
TV-TWO,0.000108,-86.47
Digitalcoin,0.001373,-14.81
Fire Lotto,0.001743,-19.05
The Currency Analytics,0.000368,-16.05
Paymon,0.000078,0.00
BitBar,1.05,-16.17
IOTW,0.001416,0.00
FirstCoin,0.001509,-46.90
Profile Utility Token,0.001033,-21.44
BEAT,0.000378,0.00
HeartBout,0.000872,-4.20
EventChain,0.001486,-16.68
Level Up Coin,0.000046,0.00
ProxyNode,0.000292,-11.98
GoldFund,0.000296,-25.80
PWR Coin,0.000005,-12.34
BBSCoin,4.71e-7,-12.31
SRCOIN,0.000009,-20.66
BitNautic Token,0.002355,-1.14
Moneynet,0.000012,0.00
Alchemint Standards,0.000140,-14.93
ACE (TokenStars),0.003652,-2.54
TrumpCoin,0.006605,-15.67
Miners' Reward Token,0.004345,4.60
SIMDAQ,0.002461,0.00
Rapidz,0.000141,-12.34
SounDAC,0.002952,-4.94
Transcodium,0.000750,-27.43
Crowdholding,0.000207,0.00
TrustNote,0.000136,0.00
Castle,0.002450,-15.31
Sociall,0.002496,-9.85
Parkgene,0.000141,114.60
Swing,0.009280,-12.34
CDX Network,0.001272,-12.31
Photon,0.000001,-30.80
Peony,0.017065,3.85
Indorse Token,0.001086,53.45
Global Crypto Alliance,0.000504,-36.11
Arepacoin,0.002397,10.67
XMCT,0.000382,0.00
Rentberry,0.000133,24.78
Octoin Coin,0.071504,-1.36
TOKYO,0.000145,35.11
Gexan,0.014929,-10.23
UOS Network,0.002732,-15.34
BetterBetting,0.000137,-33.02
Galilel,0.001978,31.99
ATBCoin,0.000918,-2.43
Agora,0.001027,0.00
ParallelCoin,0.122448,-20.15
Cryptojacks,0.000094,0.00
Bridge Protocol,0.000171,51.66
Taklimakan Network,0.000832,-13.44
Commercium,0.000857,-8.04
Opal,0.002497,-23.84
SportyCo,0.000688,-14.29
Tokenbox,0.003259,-73.61
Guaranteed Ethurance Token Extra,0.000123,0.00
Connect Coin,0.000943,3.95
Kalkulus,0.002120,1.14
Monarch,0.001080,-33.70
GINcoin,0.004563,2.68
EXMR FDN,0.005739,-52.96
Mobile Crypto Pay Coin,0.004651,-2.09
Ignition,0.028419,-12.34
Anoncoin,0.017091,-12.86
CROAT,0.000471,-31.41
Ethereum Gold Project,0.000006,42.00
Social Activity Token,0.000283,5.19
PENG,0.000005,-12.34
Evedo,0.003013,-18.38
WIZBL,0.000236,-24.33
Linfinity,0.000039,-12.56
EtherGem,0.001805,-12.40
Coin2.1,0.000444,0.00
Kobocoin,0.001386,-14.01
PRASM,0.000015,0.00
EtherInc,0.000107,46.27
VULCANO,0.000141,-34.26
ANON,0.004475,-9.59
SiaCashCoin,0.000002,-17.52
Narrative,0.000410,-35.65
BTCtalkcoin,0.000518,-7.43
JSECOIN,0.000075,-25.57
Niobio Cash,0.000236,-20.42
Bitcoin Zero,0.001298,2.19
Incodium,0.000003,0.00
Rimbit,0.000166,0.00
Megacoin,0.000847,-12.38
vSlice,0.000975,-9.26
Gentarium,0.007725,-2.48
BlockMesh,0.000118,-14.41
Iungo,0.000803,0.00
Bitether,0.000565,-12.34
Elysian,0.000325,-14.74
ChessCoin,0.000589,0.00
Kurrent,0.000518,-47.00
MODEL-X-coin,0.002610,-0.88
Universal Currency,0.001931,2.69
No BS Crypto,0.000025,-0.39
Exosis,0.085393,-6.95
Elcoin,0.002685,-5.59
Block-Logic,0.001308,-30.51
Asian Dragon,0.000537,-10.34
SONDER,0.000177,0.00
Bitnation,0.000001,-9.74
iTicoin,0.907358,-7.75
SwiftCash,0.000236,-12.30
CryptoSoul,0.000132,-10.53
QUINADS,0.000002,-14.93
Hurify,0.000118,0.00
Signatum,0.000263,0.00
CryptoBonusMiles,0.000010,-33.99
TRAXIA,0.000086,0.00
Jetcoin,0.003533,-13.18
Moin,0.003062,-11.70
Giant,0.003796,-5.67
Ethereum Cash,0.001931,-0.17
InterCrone,0.001837,-18.60
bitGold,143.14,0.00
InvestFeed,0.000141,-10.56
Kuende,0.000032,-1.35
GlobalToken,0.000274,2.06
AceD,0.002369,-26.39
HeroNode,0.000024,-23.75
Orbis Token,0.001354,0.00
WPP TOKEN,0.000075,10.59
Webcoin,0.000585,-16.86
FUZE Token,30.41,-16.85
MicroMoney,0.002427,-25.04
InflationCoin,5.64e-7,-20.96
SelfSell,0.000067,-65.44
Bazooka Token,0.023610,-14.02
TOKPIE,0.001430,-25.51
SpreadCoin,0.002229,0.00
Shivers,0.000455,0.00
ALAX,0.001193,0.00
Leadcoin,0.000031,-3.30
Blockparty (BOXX Token),0.000749,0.00
Rubies,0.002308,-26.01
Evil Coin,0.001131,-22.08
Adzcoin,0.000475,0.00
VoteCoin,0.000283,6.52
Thore Cash,0.000423,-16.58
GoldBlocks,0.001491,0.00
GuccioneCoin,0.001131,0.22
Regalcoin,0.001783,-0.01
Daneel,0.001124,0.00
Advanced Technology Coin,0.000801,-12.34
APR Coin,0.001931,16.97
PRiVCY,0.001366,-15.22
SuperCoin,0.000426,-11.98
PluraCoin,0.000047,-12.31
BTC Lite,0.001178,-17.48
Bata,0.004330,-16.74
HyperQuant,0.000230,-6.71
BitStash,0.000008,0.00
More Coin,0.010882,-18.02
BitRent,0.000026,308.50
Waletoken,0.000001,-13.99
Stipend,0.001837,-29.78
Elementeum,0.004093,0.00
Blocklancer,0.000174,-19.53
Ratecoin,0.000170,0.00
Menlo One,0.000069,-85.32
xEURO,1.02,-2.70
Netrum,0.009723,-22.34
Patron,0.000053,-11.92
PureVidz,0.000162,0.00
Worldcore,0.000113,-5.14
AmsterdamCoin,0.000401,49.29
Bitcoin Red,0.000953,1.77
Egoras,0.000086,-16.31
Centauri,0.000424,-1.38
Digiwage,0.000424,-2.33
Theresa May Coin,0.000198,0.00
CommunityGeneration,0.000047,-12.34
Jobchain,0.000009,-11.43
SkinCoin,0.000223,-29.88
DraftCoin,0.002244,-16.53
Agrolot,0.000300,0.00
Data Transaction Token,0.000099,0.00
Aricoin,0.000141,31.40
Save Environment Token,0.019928,0.00
Datarius Credit,0.000150,1.04
BitCoal,0.004226,0.00
GenesisX,0.001884,46.11
TransferCoin,0.002261,-13.79
BitStation,0.000004,0.00
Helex,0.261439,24.24
Rupaya,0.000405,-59.35
Kind Ads Token,0.000430,-15.05
Doge Token,0.000002,-12.52
GoldenPyrex,0.001790,-10.49
EDRCoin,0.006077,-6.54
Bitcoin Turbo Koin,0.000801,-33.91
MedicCoin,0.000059,-24.33
Impleum,0.002591,-11.36
PAWS Fund,0.009091,70.96
Emphy,0.002153,-72.87
X-Coin,0.001366,-15.93
BERNcash,0.000236,-12.31
Sola Token,0.000571,0.00
Zurcoin,0.000188,-13.98
Ellaism,0.000848,-12.34
PAYCENT,0.001363,-6.79
LOCIcoin,0.000394,0.00
ALL BEST ICO,0.000088,-8.33
ConnectJob,0.000141,-10.55
WXCOINS,0.002732,-5.99
Garlicoin,0.000283,-12.34
Asgard,0.000020,-72.99
Joint Ventures,0.000693,-12.62
OPCoinX,0.000094,-38.63
Nitro,0.000159,-16.46
Digital Money Bits,0.000141,8.97
bitSilver,1.19,0.00
Cream,0.000330,-1.19
Bitcoin Adult,0.000377,-19.41
ETHplode,0.000341,-43.66
InternationalCryptoX,0.000035,-9.89
XGOX,0.000006,1.44
IGToken,0.000004,-14.34
Ethouse,0.000206,-64.01
Fox Trading,0.001587,-10.46
EZOOW,0.000001,-1.42
Cheesecoin,0.000038,-16.12
bitJob,0.000162,0.00
Elementrem,0.000532,-1.02
Dach Coin,0.000612,-5.04
DogeCash,0.003816,-13.41
BLOC.MONEY,0.000989,-16.32
WABnetwork,0.000001,-16.70
ZINC,0.002479,0.00
Kabberry Coin,0.000659,-18.15
TokenDesk,0.000872,0.00
RPICoin,0.000014,-12.34
P2P Global Network,0.000290,20.80
MarteXcoin,0.003203,-4.73
GoHelpFund,0.001036,-10.74
CCUniverse,0.000483,-12.05
STRAKS,0.000518,-19.65
Knekted,0.000012,-19.16
Klimatas,0.019337,36.62
Herbalist Token,0.000001,-15.91
Ether Kingdoms Token,0.001699,-16.87
Italo,0.003108,-9.94
NevaCoin,0.002544,-42.27
Thar Token,0.015357,-47.22
Italian Lira,4.71e-7,-12.34
ICO OpenLedger,0.024752,0.00
Iridium,0.000566,-19.85
Onix,0.000105,-1.95
Bitcoiin,0.000213,-0.74
PostCoin,0.000694,-13.81
FuzzBalls,0.002241,0.00
PayCoin,0.000897,-1.85
Titcoin,0.000161,-0.05
Mainstream For The Underground,0.000010,-2.39
BitCoin One,0.000853,-31.57
SnodeCoin,0.000244,0.00
Origami,0.002462,0.00
wys Token,0.000101,0.00
Thingschain,8.83e-7,-16.13
Provoco Token,9.95e-9,-0.71
ZeusNetwork,1.41e-7,-12.34
ArbitrageCT,0.000094,19.84
BitGuild PLAT,0.000164,-2.81
Bitcoin 21,0.012248,-9.83
Dollar International,0.279873,-14.77
GoPower,0.000119,-23.17
EnterCoin,0.003062,-12.34
Magic Cube Coin,0.000080,-8.74
Havy,0.000001,-1.42
TravelNote,0.004379,0.00
Fivebalance,0.000017,0.00
CyberFM,1.83e-7,-85.53
Acoin,0.007662,-2.35
EOS TRUST,0.000001,-1.90
Japan Content Token,0.000032,0.00
DeltaChain,0.000001,-2.29
TrueVett,0.000052,66.05
MojoCoin,0.000754,-15.96
REBL,0.000053,0.00
Carebit,0.000061,-12.83
CrowdWiz,0.002109,91.75
ICOBID,0.000084,0.00
Acash Coin,0.000001,0.00
Spectiv,0.000039,0.00
ParkByte,0.001837,-7.61
Absolute,0.000669,-19.24
Spectrum,0.000007,-14.15
UChain,0.000028,-13.52
Ccore,0.005039,-4.31
StarterCoin,0.000025,0.00
SteepCoin,0.000047,-12.34
BitcoiNote,0.000754,-29.78
Arion,0.000707,-17.82
WITChain,0.000004,-16.60
BitWhite,0.000231,-31.81
Sp8de,0.000001,-71.64
Neural Protocol,8.72e-7,-16.99
Citadel,0.000754,-14.54
CyberMusic,5.46e-7,0.46
EthereumX,0.000094,-44.66
YENTEN,0.000337,-14.21
SF Capital,0.000165,22.88
Arqma,0.002023,-4.47
Open Trading Network,0.003966,-28.05
Dreamcoin,0.003110,-21.59
KWHCoin,0.000004,-14.93
Quebecoin,0.001153,2.15
TLS Token,0.001203,-18.42
Bulleon,0.006830,9.70
Datacoin,0.000188,-12.39
BriaCoin,0.010000,-50.00
Authorship,0.000074,0.00
Eternity,0.000942,-12.33
BunnyToken,0.000028,-0.36
EUNOMIA,4.31e-7,-17.51
Helper Search Token,8.36e-7,0.00
Zenswap Network Token,5.60e-7,-24.06
FidexToken,2.37e-7,-17.58
Aigang,0.000231,0.00
Desire,0.000659,-23.30
Bitsum,0.000004,-13.70
Tracto,0.000249,0.00
ShowHand,1.08e-7,-22.97
4NEW,0.000108,-14.93
Bionic,0.000012,-21.88
Micromines,3.56e-7,-60.76
ROIyal Coin,0.005511,-12.34
TajCoin,0.000424,-12.34
BZLCOIN,0.002683,0.00
Litecred,0.000211,-1.87
Gossipcoin,0.000194,-9.86
Bitcoinus,1.80e-8,-12.18
Independent Money System,0.001162,0.00
Biotron,0.000094,-13.11
Electrum Dark,0.001583,34.49
Fantasy Sports,0.001358,0.00
Kora Network Token,0.000018,-14.93
Phonecoin,0.000047,-13.43
High Voltage,0.004006,-8.89
Peerguess,0.000098,0.00
Xuez,0.001649,-12.37
CPUchain,0.000329,18.88
SpeedCash,0.010146,2.06
SCRIV NETWORK,0.000236,-12.34
Veltor,0.010281,0.00
Gold Poker,0.001083,7.27
Stakinglab,0.013943,-29.00
onLEXpa,0.000030,8.16
SHPING,0.000004,-14.93
Capricoin,0.002707,-37.15
Decentralized Asset Trading Platform,4.74e-7,-16.36
Engagement Token,0.000013,0.00
Galactrum,0.001036,-12.34
SparksPay,0.000932,-17.15
SkyHub Coin,0.008214,0.00
GeyserCoin,0.004240,-17.04
Zayedcoin,0.000794,-1.55
ELTCOIN,0.000055,-39.11
Californium,0.001974,-0.70
e-Chat,0.000250,0.00
Apollon,0.000032,0.00
Scopuly,0.000002,-12.69
INDINODE,0.000005,-13.57
Blakecoin,0.000188,-12.40
YoloCash,0.000154,-11.36
Cyber Movie Chain,2.26e-7,-69.98
BoostCoin,0.000377,-58.76
Swapcoinz,0.000324,20.41
Dollarcoin,0.000487,-9.36
SONO,0.002120,60.06
CryptoFlow,0.000047,-12.34
BitRewards,0.000013,-8.03
RouletteToken,0.000377,-47.16
ARAW,0.000002,-14.90
Alpha Coin,0.000125,-42.67
Tourist Token,9.91e-7,-19.91
Escroco Emerald,0.000005,24.06
Fintab,0.001502,6.39
Zealium,0.000330,-12.34
Centurion,0.000053,0.00
CustomContractNetwork,0.000003,-1.15
ARbit,0.000373,-0.78
HYPNOXYS,2.00e-7,0.00
MNPCoin,0.001790,-17.08
BitMoney,0.000047,67.09
Vivid Coin,0.000542,-12.34
Luna Coin,0.002242,-14.41
Dragon Option,0.000041,-7.44
Akroma,0.000194,73.01
Payfair,0.000089,-37.67
MustangCoin,0.005690,-3.73
BenjiRolls,0.000173,0.00
EVOS,0.000330,-4.32
LiteBitcoin,0.000120,3.49
VectorAI,0.000188,-49.67
Natmin Pure Escrow,0.000021,-55.17
Cabbage,0.000317,-1.73
Crystal Token,0.005857,-25.16
Atheios,0.000188,-12.34
CrevaCoin,0.000091,0.00
Couchain,3.34e-7,-17.57
EagleX,0.000094,-10.76
Dalecoin,0.003156,-14.51
Asura Coin,0.000014,-14.90
Ragnarok,0.000188,-12.34
XOVBank,0.000023,11.70
Crystal Clear ,0.000518,-12.33
BowsCoin,0.000518,-12.34
Eurocoin,0.000229,-23.32
Cryptrust,4.20e-7,-66.82
SmartCoin,0.000109,0.00
Guider,0.000011,-0.91
Lightpaycoin,0.000471,-6.72
Gratz,0.000086,-15.38
PlatinumBAR,0.001225,-75.03
Simmitri,0.000037,-1.05
MASTERNET,0.000081,-13.10
iBTC,0.000053,-14.95
Nyerium,0.000094,-12.31
Coinonat,0.000289,0.00
PLNcoin,0.000141,31.39
Bitvolt,0.000141,-22.36
MiloCoin,0.000212,-1.39
999,0.000010,-26.73
Cannation,0.000895,-12.34
KAASO,0.000036,-25.09
TRONCLASSIC,4.63e-9,-14.95
Quantis Network,0.000054,0.00
VikkyToken,5.60e-7,-19.19
Prime-XI,0.000094,75.30
Comet,0.002355,4.40
HireGo,0.000326,0.00
FUTURAX,5.60e-7,-16.18
Project Coin,0.000035,0.00
ALLUVA,0.000225,-14.93
Experience Points,0.000002,0.00
PAXEX,0.000104,-8.73
nDEX,1.18e-7,-14.90
PosEx,0.000707,-18.26
iBank,0.000377,-44.78
Dash Green,0.000702,0.00
SocialCoin,0.000150,177.03
Oceanlab,0.000033,0.00
Iconic,0.002578,-2.07
Concoin,0.001978,-15.95
Wild Beast Block,0.007915,-1.81
Eva Cash,0.001583,6.93
Qbic,0.000300,0.00
Secrets of Zurich,0.000001,0.00
Phantomx,0.000028,-60.79
BROTHER,0.000008,0.00
Mirai,0.000372,-4.33
Decentralized Crypto Token,0.000001,0.00
Nekonium,0.000094,-12.35
HollyWoodCoin,0.000047,-55.68
Huptex,0.000130,-43.60
LiteCoin Ultra,0.001049,-2.40
ICOCalendar.Today,0.000876,-13.86
X12 Coin,0.000083,0.00
LitecoinToken,1.02e-8,0.00
BrokerNekoNetwork,3.18e-7,0.00
MoX,0.000188,-31.01
Staker,0.000612,-8.49
Xchange,0.000091,0.00
JavaScript Token,0.000097,0.00
Save and Gain,0.000240,-23.17
Elliot Coin,0.000026,-2.44
Helpico,0.028264,31.09
Dystem,0.000094,-9.85
PonziCoin,0.000695,0.00
Zoomba,0.000024,-12.34
Dinero,0.000062,-9.16
ProCurrency,0.000005,-24.60
Cointorox,0.000093,-19.04
Xenoverse,0.000094,-0.64
Project-X,"6,281.98",-35.05
Argus,0.000399,0.00
Posscoin,1.49e-8,0.00
Dignity,6.84e-7,-19.65
QYNO,0.000230,-14.53
LRM Coin,0.000014,-12.34
Abulaba,0.000008,0.00
Benz,0.000017,-43.73
UltraNote Coin,3.12e-7,-27.11
SongCoin,0.000002,0.00
HarmonyCoin,0.000052,0.00
OFCOIN,0.000049,-6.39
3X Short Ethereum Token,38.29,40.48
Yobit Token,467.72,-11.24
HUSD,0.994357,-0.85
3X Short Bitcoin Token,41.29,20.85
Building Cities Beyond Blockchain,2.13,-2.01
3X Long Ethereum Token,51.59,-41.59
Handshake ,0.122019,-21.77
3X Long Bitcoin Token,641.79,-35.46
Filecoin [Futures],2.31,-11.50
Ontology Gas,0.060262,-31.13
Soda Coin,0.010490,-11.01
NOIZ,0.096380,-12.68
CK USD,0.035044,-6.71
HyperDAO,0.022040,-3.31
Polkadot [IOU],115.12,1.16
DigiFinexToken,0.211149,-9.76
Gomics,0.125616,-16.27
MimbleWimbleCoin,3.42,-19.30
3X Short BNB Token,279.53,44.69
BKEX Token,0.073224,-13.15
Tether Gold,"1,452.45",-6.38
CAPITAL X CELL,0.946936,6.02
Hdac,0.020046,-10.24
3X Long BNB Token,29.98,-40.60
Brazilian Digital Token,0.201520,-1.56
Bispex,0.001762,-9.19
Enzo,0.022228,-7.22
ABCC Token,0.024713,-10.44
QURAS,0.088764,-17.25
Perth Mint Gold Token,"1,445.55",-6.07
ALP Coin,0.258970,-0.55
MyToken,0.000830,13.32
Mogu,0.267446,-13.14
YottaChain,0.064857,-3.66
V-Dimension,0.612798,-9.94
Filenet,0.303060,-7.70
BIKI,0.039189,0.00
Whole Network,0.000995,-33.49
ExtStock Token,0.021177,-4.35
12Ships,0.004485,-21.51
Sologenic,0.145656,-7.43
LinkArt,0.005951,-13.35
Echoin,0.003002,-10.02
VinDax Coin,0.024334,-15.80
CoinHe Token,0.099131,-11.75
Tokoin,0.023872,-11.58
The Midas Touch Gold,0.001635,-11.99
Hubi Token,0.015509,-4.23
Zynecoin,0.284206,-10.31
Exchange Union,0.579347,-14.76
Medium,0.413481,-7.30
QUEENBEE,0.012343,-20.56
DWS,0.000149,-5.68
Vinci,0.595844,-13.79
Coni,0.010695,-9.32
KNOW,0.000990,-22.23
Era Swap,0.022742,-2.44
PayProtocol,0.094538,1.20
Tweebaa,0.755277,-0.57
Keystone of Opportunity & Knowledge,0.327228,11.75
ViteX Coin,0.092185,-21.75
Davion,0.715846,-18.62
WETH,107.67,-14.93
OceanEx Token,0.000394,-17.62
FirmaChain,0.015918,-7.03
NNB Token,0.000448,-7.63
StarChain,0.000284,2.05
LinkToken,0.038233,-2.91
CitiOs,2.29,-15.41
Creditcoin,0.153142,-11.97
FairGame,0.000849,-20.44
VeThor Token,0.000159,-21.36
Wallet Plus X,0.006335,-15.45
Precium,0.002843,-14.86
CNNS,0.002343,-8.37
Tratok,0.001801,-8.16
Kratscoin,1.70,-7.10
BenePit Protocol,0.000308,-11.73
KingMoney,134.07,-1.04
WHEN Token,0.001519,-15.42
Freecash,0.276055,-13.51
Dapp Token,0.000453,-13.27
Yuan Chain Coin,0.005031,-7.90
Fortem Capital,0.275806,-14.63
Bilaxy Token,0.000973,-14.93
Dexter G,0.467221,-7.39
MorCrypto Coin,0.002064,-11.71
SPIN Protocol,0.001698,-1.97
PlayCoin [QRC20],0.000970,-17.39
Decentralized Vulnerability Platform,0.002806,-12.98
Waves Enterprise,0.068350,-6.80
Joys Digital,0.011500,0.11
SOLBIT,0.023800,8.33
Spockchain Network,0.000371,-3.38
Bonorum,16.56,0.00
Tesra,0.023921,-4.81
YouLive Coin,0.000069,-17.55
MalwareChain,1.20,-16.46
TerraKRW,0.000808,-1.62
Bitcoffeen,1.06,0.08
BTSE,1.15,-7.90
Hintchain,0.001544,-15.73
HitChain,0.000043,-12.16
Electronero,0.000161,-32.33
Saga,1.38,-1.75
MeconCash,0.105632,-11.59
Zuflo Coin,0.002024,-15.67
Ladder Network Token,0.004172,14.38
ProBit Token,0.106372,10.76
InnovaMinex,0.031846,-3.63
The Hustle App,0.002184,-14.01
Simone,499.73,0.05
ThingsOperatingSystem,0.000638,-19.56
TopChain,0.003246,-15.19
D Community,0.000152,-10.16
EMOGI Network,0.000276,-15.89
PATHHIVE ,0.006676,-9.72
Edgeware,0.001538,-33.78
ROMToken,0.000073,-17.54
KEY,0.000639,-11.78
1irstGold,52.29,0.49
BitUP Token,0.000503,-22.57
Marshal Lion Group Coin,0.137615,-12.03
Dash Cash,0.478653,-10.04
Blockchain Quotations Index Token,0.003236,-15.45
Volume Network,0.003702,-15.00
Lukki Operating Token,0.003778,18.25
Aitheon,0.000695,-15.22
Opennity,0.000155,11.04
SEER,0.000291,11.77
Bitcoin Classic,0.045261,-8.47
THENODE,0.236030,-4.80
UltrAlpha,0.033150,-27.34
Tradeplus,11.71,-6.87
Treelion,0.118401,-1.70
Coindom,0.000952,-14.80
MSD,0.005888,-8.26
Sparkle,0.007861,-13.65
NOVA,0.000021,-32.36
Zenon,0.794615,-20.65
SuperSkynet,0.000007,-13.89
Emrals,0.034330,-5.90
Xtock,0.000211,-12.03
Cybereits,0.000465,-13.20
Jinbi Token,105.17,-1.70
Bloomzed Token,0.151542,-15.65
CaluraCoin,0.028593,1.66
eosBLACK,0.000299,-13.64
ShineChain,0.000336,-20.44
Buxcoin,0.947304,-12.51
IOU,0.071043,-10.04
MACH Project,0.043066,-13.02
Kahsh,0.102304,-14.95
Crex Token,4.90,-1.43
Korbot,0.039493,-10.59
Okschain,0.000740,-4.22
DEXA COIN,0.000004,-1.04
B91,0.022638,-15.03
CARAT,0.438737,-12.36
Engine,0.000065,-17.31
DarkPay,0.028641,-11.35
Promotion Coin,0.000031,-16.99
Intelligent Investment Chain,0.000068,-14.54
Bitcloud Pro,0.001442,-1.55
BUMO,0.001941,-17.69
Super Bitcoin,0.905856,-4.25
CoinDeal Token,0.012744,-11.48
BitKAM,0.000817,-9.27
CONTRACOIN,1.03,-4.04
PalletOne,0.001351,-16.20
Pledge Coin,0.000245,-24.08
Tchain,0.002541,14.74
CoinMeet,0.003639,-18.02
Creatanium,1.29,-1.64
BuySell,4.77,-9.78
Agoras Tokens,0.114601,-8.49
BeeKan,0.000223,-11.79
EduCoin,0.000045,-20.80
IFX24,0.004583,2.29
Compound Dai,0.020213,-7.94
IZIChain,0.000300,0.00
Global Reserve System,4.80,0.48
Bitcoin BEP2,"4,728.59",-12.11
ValueChain,0.000754,-14.93
United Bitcoin,0.733141,-3.59
Instantily,0.002601,-14.98
Wisdom Chain,0.099277,-0.56
MEX,0.000146,-18.77
IOEX,0.012224,-1.06
VOMER,0.118337,-6.52
Maggie,0.000234,8.70
Blockcloud,0.000474,-17.28
ARCS,0.304407,-3.67
Experience Token,0.000016,-13.92
CMITCOIN,0.000005,-12.34
CHEX,0.001614,-9.34
Curio,0.114073,-12.51
MediBit,0.000002,-16.42
Uranus,0.001030,-6.57
Twinkle,0.001083,-9.53
MEETtoken,0.130719,86.99
Axial Entertainment Digital Asset,0.004875,-5.25
GSENetwork,0.000053,-17.77
Game Stars,0.000038,-19.67
vSportCoin,0.000645,17.90
Tepleton,0.017010,-12.31
Demeter Chain,0.002870,-4.54
Ti-Value,0.004463,-12.41
HeartBout Pay,0.001083,-8.35
MarcoPolo Protocol,0.016203,-36.65
CryptoBossCoin,0.009707,-10.16
Commerce Data Connection,0.000091,5.93
DACC,0.000011,-16.10
VENJOCOIN,3.51,-12.31
NSS Coin,0.016569,-2.73
Vectorspace AI,0.047106,-32.59
USDA,0.287540,-12.06
Esports Token,0.000155,-15.06
Boltt Coin ,0.001599,-0.43
Krypton Galaxy Coin,0.000172,-11.39
Global Funeral Care,0.018639,-13.49
Altbet,0.019497,-3.67
Asian-African Capital Chain,0.099489,-12.72
bitCEO,0.025807,-14.89
Golden Token,0.002849,-8.23
FuturoCoin,1.19,-10.42
COMSA [ETH],0.041671,-5.75
Bit Trust System,0.009505,-5.82
COMSA [XEM],0.050126,2.26
BitcoinX,0.000752,13.72
SoPay,0.000053,-13.31
Bitpanda Ecosystem Token,0.047505,-3.16
Custody Token,0.001870,138.75
PocketNode,0.000090,-0.78
Receive Access Ecosystem,0.212212,-19.78
LOLTOKEN,0.014763,-10.96
En-Tan-Mo,0.011848,-3.50
LegalBlock,0.000219,0.46
WowSecret,0.006689,-6.51
Endorsit,0.000022,-24.45
InsurChain,0.000016,-11.87
DeepCloud AI,0.000550,-6.11
BlockCDN,0.001124,-31.58
xCrypt Token,0.000261,-23.43
Livepeer,0.508768,-16.94
London Football Exchange,0.007312,-27.42
TranslateMe Network Token,0.000523,-4.88
Consentium,0.014223,1.79
Infinity Esaham,6.09,-93.85
Globalvillage Ecosystem,0.000087,-15.60
Aunite,0.012449,-9.71
Future1coin,0.000668,-10.15
OTCBTC Token,0.001252,-20.07
Atlas Token,0.003254,-14.94
Hyper Pay,0.000650,-23.87
DUO Network Token,0.002302,-5.78
NewsToken,0.000212,-14.67
Pixie Coin,0.000514,-13.83
Usechain Token,0.000440,-13.71
LemoChain,0.001010,-19.96
QUSD,0.008041,-3.69
The Tokenized Bitcoin,"4,715.63",0.00
Infinity Economics,0.001191,15.83
Emanate,0.007783,-8.93
Orient Walt,0.114983,-8.44
Ormeus Ecosystem,0.000531,3.79
MDtoken,0.000362,-18.18
Big Bang Game Coin,0.000014,-29.74
FYDcoin,0.001177,-18.67
NairaX,0.002374,-11.95
Dragon Token,1.38,-0.02
City Coin,0.021951,-14.36
cUSD Currency,0.003986,3.01
FLEX,0.248711,41.84
Newsolution,0.004042,-17.35
Moozicore,0.000138,0.19
Bitgrin,0.010222,22.00
HGH Token,0.000109,-11.96
CapdaxToken,0.001766,-44.10
Defi,0.006037,-75.53
InnovativeBioresearchCoin,1.59e-7,-38.64
Social Lending Token,0.001002,-25.08
BuckHathCoin,0.106507,-12.80
Tutor's Diary,0.000858,-9.34
Qube,0.000042,-19.26
MGC Token,0.000710,-49.13
GOLOS BLOCKCHAIN,0.001421,-58.01
TerraNova,0.007160,-11.62
IOV BlockChain,0.000101,20.37
Binance GBP Stable Coin,1.23,0.36
ORS Group,0.021087,-21.07
Celeum,0.047267,-14.93
7Eleven,9.03e-8,560.98
CarBlock,0.000265,"1,657.67"
Ubique Chain Of Things,0.005269,-17.79
Midas,0.260429,-5.55
Influence Chain,0.000066,-25.81
Voltz,0.013928,-3.47
Sexcoin,0.000706,-12.39
QPay,0.000006,-14.90
EncryptoTel [ETH],0.002968,-14.32
Bitcoin File,0.000599,-30.25
First Bitcoin,0.001649,-12.34
HOT Token,0.001171,-13.30
DMme,0.002026,-32.78
SuperEdge,0.000011,-9.16
Stellar Gold,0.000413,-54.33
ScPrime,0.004807,-19.72
BitcoinV,0.032495,-15.88
Colletrix,0.000002,-17.53
Muzika,0.000969,-54.92
Blockmason Link,0.000148,-0.73
Bitcoin God,0.090222,-3.16
Sombe,0.000141,-29.61
Secure Cash,0.470825,188.51
Veles,0.039334,-10.93
Schilling-Coin,0.000887,-10.22
USDCoin,0.183949,-12.18
Content and AD Network,0.000181,-79.09
WEBN token,0.000001,-43.04
Alphacon,0.000718,0.00
Aerotoken,0.035277,-10.45
Zerobank,0.006964,358.54
Volt,0.000108,-0.63
ClubCoin,0.012907,-12.66
Harcomia,0.094118,-12.95
Hanacoin,0.000518,-10.78
Wink,0.000141,35.92
StockChain,0.000020,-8.38
Show,0.000025,-7.68
SnipCoin,0.000047,-40.63
CENTERCOIN,0.000942,250.65
PHANTOM,0.000028,-12.34
Valuto,0.000283,-3.35
Smartup,0.000031,-4.28
Tronipay,0.000207,-8.71
Sparkster,0.000345,-14.93
Litbinex Coin,0.000186,-34.64
Bitcoin & Company Network,0.000061,-62.01
SpectreSecurityCoin,0.000151,-95.32
One DEX,1.88e-7,-6.56
MoneroV ,0.000989,-19.96
RabbitCoin,7.60e-7,-9.52
Wolfs Group,0.009044,-73.76
1AI Token,0.000047,-12.34
Axiom,0.000236,-24.76
PlusOneCoin,0.007490,-22.56
Francs,0.001131,-44.45
AvatarCoin,0.035094,0.74
LevelApp Token,0.000002,-0.62
Ethereum Lite,0.001319,-12.58
MobilinkToken,0.000989,-14.62
Global X Change Token,0.128835,-12.67
RoboCalls,0.000012,-2.37
VERA,0.000047,-9.57
Wiki Token,0.445968,-21.70
ArdCoin,0.000848,-21.10
HondaisCoin,0.000005,-12.34
WINCOIN,0.000047,-12.35
PROUD Money,0.000895,-16.69
Oculor,0.000009,-12.34
Quotient,0.000351,0.00
Bubble,0.010703,0.00
Aces,0.000124,0.00
Tellurion,6.24e-7,0.00
BlazerCoin,0.000106,-1.73
EmberCoin,3.19e-8,0.00
Moving Cloud Coin,0.002887,0.00
BTCMoon,0.000483,-0.16
Jingtum Tech,0.000251,-0.03
LightChain,0.000001,0.00
Read,0.000990,0.00
OceanChain,0.000096,0.00
Animation Vision Cash,0.000172,0.00
Superior Coin,0.000011,0.00
Lendroid Support Token,0.000421,0.00
SalPay,0.003829,0.00
WeToken,0.000193,0.00
FundToken,0.000489,0.00
DIPNET,0.000109,0.00
XTRD,0.001946,0.00
NAM COIN,0.000038,0.00
BingoCoin,0.001315,0.00
Ordocoin,0.000008,0.00
CEDEX Coin,0.000922,0.00
Obitan Chain,0.000041,0.00
Hybrid Block,0.003325,0.00
RRCoin,0.000084,0.00
KingXChain,0.000001,-3.03
YUKI,0.000001,-1.93
Centaure,0.000053,0.00
GazeCoin,0.000915,0.00
SaveNode,0.000055,0.00
CariNet,0.000882,-16.09
TCOIN,0.007414,0.00
Bgogo Token,0.000378,-4.08
TOKOK,0.001669,-15.60
M2O,0.000295,0.00
Gamblica,0.000725,0.00
BiNGO.Fun,0.000035,0.00
BUDDY,0.000002,-0.70
OOOBTC TOKEN,0.000617,0.00
HUDDL,0.002367,0.00
UTEMIS,0.000225,0.00
BIZKEY,0.000016,0.00
Lucky Block Network,0.013028,0.00
Gosama,0.284555,0.00
COINBIG,0.002632,0.00
Maya Preferred 223,29.29,0.00
BAWnetwork,0.000007,0.00
GoMoney,0.001850,-0.61
VENA,0.000857,0.02
LINK,4.03,-16.93
Oath Protocol,0.000058,0.00
Rally,0.000359,0.00
Versess Coin,9.56,0.00
Kappi Network,2.55e-7,0.00
Ethlyte Crypto,1.11,0.00
Lambda Space Token,0.016278,0.00
Lukiu,0.000287,0.00
Know Your Developer,0.014720,0.00
QURA GLOBAL,0.000001,0.00
Unochain,9.98e-7,-1.42
Asac Coin,0.000250,-41.83
SIGMAcoin,0.001086,0.00
ACChain,0.005088,0.00
ALLCOIN,0.000746,0.00
Airline & Life Networking Token,0.020152,0.00
AERUM,0.000550,0.00
Ethereum Message Search,?,0.00
